0,"Tell Dafana, Daphnae",30.5441666666667,32.31
1,"Tell el-Ahmar",29.0833333333333,34.1199999968211
2,"Umm Hassey (Abu Qerta)",30.5261111111111,31.85
3,"Tell Hassan Dawud",31.091356252,29.848665381
4,"Tabet Suweha",30.5519444444444,32.0972222222222
5,"Tell el-Maskhuta",30.0925,32.5665833333333
6,"Tell el-Shalufa, Tell Chalouf",30.9311111111111,32.3791666666667
7,"Tell Hebua (II), Tell Heboua (II)",31.0469444444444,32.5413888888889
8,"Tell el-Farama, Pelusium",31.027375585,29.833630795
9,"Elwet Abu Bari",30.8611111111111,32.3527777777778
10,"Tell Abou-Sayfi, Tell Abu-Seifa",30.9375,32.3661111111111
11,"Tell Hebua (I), Tell Heboua (I)",30.938857096,29.638640841
12,"Tell Dabuni",30.9275,32.4111111111111
13,"Tell el-Borg,Tell el-Bourg, Tell el-Burg",30.9607699,29.622772377
14,"El-Qasmiya",30.900658877,29.440366238
15,"Kom Makhura",30.9652777777778,32.4244444444444
16,"Tell el-Ghaba",29.0949999968211,34.1216666698456
17,"Umm Sedra",28.9333333333333,33.0583333333333
18,"Wadi el-Shallal",30.9844444444444,32.4738888888889
19,"Tell el-Kedwa, Tell Qedwa",31.353675718,30.102206429
20,"Abu-Qir – Nelson Island",29.4,33.1
21,"Wadi Haggia",30.9672222222222,32.4922222222222
22,"Tell el-Heir, Tell el-Herr",30.930501418,29.637169639
23,"Elwet Melassa",31.0483333333333,32.5616666666667
24,"Tell el-Makhzan",31.05208507,29.853822628
25,"Mutawah (a-b)",30.868717771,29.5207721
26,"El-Abaresh (a-b-c), El-Abarech",31.197665411,29.906423224
27,"Kom el-Dikka, Kom ed-Dikka, Roman Theatre",30.877584909,29.448611717
28,"Tell Sherfad",30.933335175,29.486666206
29,"Tell Mosghiya",31.2,29.89
30,"El-Bardisi",31.013552956,29.871737558
31,"Waqqad (II)",30.9699762,29.82892732
32,"Tabet el-Kandara – KM 48 Desert Road",29.318426,31.118336
33,"Abuet",31.206892551,29.912849077
34,"Alabaster Tomb",30.911538674,29.533846685
35,"Forn el-Fokhar",29.27791,31.078983
36,"El-Nawamis",31.211827959,29.915997527
37,"El-Shatbi Necropolis",26.2166666666667,31.9
38,"Nag el-Alawna",31.296524883,30.074787324
39,"Tabyet el-Raml",31.186794555,29.852432581
40,"El-Anfushi Necropolis",31.0846601,29.747132245
41,"El-Agami Tomb",25.4166666666667,32.6333333333333
42,"Wadi el-Shagab",31.220299401,29.930748503
43,"Mustafa Kamel Necropolis",31.015985538,29.865290514
44,"El-Alawi el-Hommr",31.020077839,29.871467886
45,"Fangari (III)",31.25,29.99
46,"El-Ras el-Soda Temple",30.926928178,29.55256722
47,"Roman Bath",30.918310779,29.611590015
48,"Tell Fergani",31.174749049,29.887145526
49,"Kom el-Shoqafa, Kom El Chougafa, Kom ech-Chougafa",31.178354248,29.890126596
50,"Pompey’s Pillar, Serapium, Amud el-Sawarii",31.172968026,29.870644124
51,"El-Wardyan Tomb",31.015688599,29.748378551
52,"King Maryut, Lac Mariout, Lake Mariut, Mariut, Maryut",31.002030688,29.903601043
53,"Haris (III)",30.98912483,29.652561062
54,"Marea, Mareyya, Maria, Mariya",30.910256445,29.528975599
55,"Abu-Sir, Masaret Enab",30.899230662,29.613849448
56,"Shaher Rohoh",30.938116646,29.594927066
57,"El-Shamiya el-Sharqiya",30.937694752,29.590770718
58,"El-Shamiya el-Gharbiya",30.953056676,29.624324559
59,"Sidi Menesi",30.939099413,29.596410033
60,"El-Qasmiya el-Kobra",30.964341231,29.596281155
61,"Geziret Maryut",30.92769337,29.558971453
62,"KM 46 Sikket Hadid Burg el-Arab",30.875895487,29.584359576
63,"Karm Abu-Hamda",30.928719153,29.578459944
64,"Gebel Bahig",30.9267,29.6
65,"El-Qasmiya el-Soghra",30.94948849,29.509487108
66,"Abu Sir",30.96,29.58
67,"El-Gamal",30.96421601,29.563010258
68,"El-Quseir (A-B)",30.85,29.46
69,"Karm Hud",30.5211111111111,31.8897222222222
70,"Tell Abu-Nishaba",30.545,31.7497222222222
71,"Tell el-Bar",30.96726293,29.54889811
72,"Kom el-Nugus",30.5244444444444,32.0355555555556
73,"Tell Teqeitaq",30.5266666666667,32.0230555555556
74,"Tell Umm Zeina",28.65,33.75
75,"Islaf",30.950976852,29.608544882
76,"Manamet Setti Badriya",30.5169444444444,31.8205555555556
77,"Tell Mansur Awad",30.5377777777778,32.0411111111111
78,"Tell el-Sheikh Salim",29.0016666666915,33.5
79,"Sarabit el-Khadim, Serabit el-Khadim, Sarbut el-Chadim, Serabit el-Chadim, Serabit el-Khadem, Serabit-el-Khadem,",29.0333333333333,33.45
80,"Wadi el-Nasb",30.5025,32.2119444444444
81,"Tell Bir Farag",26.7166666666667,31.4333333333333
82,"Nazza el-Bus",28.95,33.4
83,"Wadi Maghara",29.085177,30.936099
84,"Ihnasya el-Madina, Heracleopolis, Heracleopolis Magna",28.781136,30.923068
85,"El-Hibe, El-Hibeh, Al-Heibah",28.999304,30.822107
86,"Dashasheh, Dishasha, Deshasha",30.535,32.0813888888889
87,"Tell el-Omda & el-Shaqayeq",30.5244444444444,31.8397222222222
88,"El-Gezira el-Khadra (I)",29.390259,31.157126
89,"Meidum, Maidum, Maydum",29.248409,31.087393
90,"Abu-Sir el-Malaq, Abusir el-Meleq",30.5386111111111,31.9638888888889
91,"Tell el-Rataba",30.5258333333333,32.0413888888889
92,"Tell Umm Bardi",30.5227777777778,31.9388888888889
93,"Tell el-Gabal, Tell el-Gebel",26.7166666666667,31.6333333333333
94,"Nag el-Hamadiya",26.5833333333333,31.5666666666667
95,"Hills of Arabet Abuel Dahab",26.1666666666667,32.4166666666667
96,"Abu-Manna Bahari, Abou-Manna, Abu-Manna,",30.5086111111111,31.9102777777778
97,"Tell el-Ku (I), Tell el-Kua (I)",30.5375,31.8047222222222
98,"El-Tell el-Saghir",30.4991666666667,32.2280555555556
99,"Tell el-Karnak",30.4716666666667,32.2175
100,"Tell Abu-Helmi",30.4736111111111,32.3325
101,"Tell el-Hawashma",30.5416666666667,32.1377777777778
102,"Tell el-Sadat",30.5861111111111,32.1333333333333
103,"Tell Abu-Khattab",30.8980555555556,32.1905555555556
104,"Tell el-Saidi",30.8463888888889,32.1786111111111
105,"Tell el-Sabtiya",30.5286111111111,31.8891666666667
106,"Tell el-Hatab",30.5488888888889,32.1111111111111
107,"Tell el-Sahaba",30.5452777777778,32.3038888888889
108,"Gabal Mariam, Gebel Mariem",30.5363888888889,32.2505555555556
109,"Abu-Gaman",31.0313888888889,32.1472222222222
110,"Tell el-Sebua",30.4713888888889,32.3211111111111
111,"Tell Serapeum (I)",30.9758333333333,32.2205555555556
112,"Tell Ayed, Tell Ayid.",31.0113888888889,32.245
113,"Tell el-Rokn",31.235,32.0813888888889
114,"Tell Legan",31.1002777777778,32.1419444444444
115,"Tell Maiebed",31.1291666666667,32.1736111111111
116,"El-Tell el-Ahmar, El-Mahgar, El-Nakhla",31.0413888888889,32.1488888888889
117,"Tell el-Maqaber",30.9566666666667,32.2569444444444
118,"Tell el-Barya",30.0311111111111,32.5593611111111
119,"Tell Qaryet Amer",30.7833333333333,33.4666666666667
120,"Tell el-Raghawy",29.9741666666667,32.5591666666667
121,"Tell el-Yahudiya el-Saghir",30.0380555555556,32.5666666666667
122,"Aulad Ismaiel Musa, Tell Awlad Ismail.",31.0733333333333,34.165
123,"Bir el-Gahniyin",30.06875,32.3940833333333
124,"El-Agrud",30.2036111111111,32.3936111111111
125,"Tell Geneifa",31.166332147,29.873146176
126,"Ezbet el-Yusra",31.202262503,29.950624812
127,"Antoniadis Tomb",30.7,33.4
128,"Bir el-Maghara",31.0230555555556,32.4208333333333
129,"Tell el-Luli,  Tell el-Loully, Tell el-Louly, Tell el-Lulli",26.0277777777778,32.1166666666667
130,"El-Dahasa",26.0833333333333,32.2666666666667
131,"El-Salamiya",30.6333333333333,34.45
132,"Qalet el-Qudayrat, Qalet el-Gudayrat",30.9841666666667,32.7302777777778
133,"Tell el-Lagan",31.0352777777778,32.4344444444444
134,"Tell Misallam",31.0069444444444,32.9736111111111
135,"Tell el-Darawish",31.0166666666667,32.6333333333333
136,"Tell el-Shuhada, El-Shoada",30.9841666666667,32.7302777777778
137,"Tell el-Karama",31.2302777777778,34.1102777777778
138,"Tell el-Basta, Tell el-Bassa",31.0661111111111,32.6833333333333
139,"Tell el-Mohammadiyat",30.9325,32.8186111111111
140,"Tell Qasrawet",31.0188888888889,32.2938888888889
141,"Tell el-Matbaa",31.1172222222222,33.4308333333333
142,"Tell el-Flosiyat, El-Felusiyat",31.05,33.05
143,"Tell el-Suwaydat",31.0333333333333,33.8544444444444
144,"Tell Lehfen, Lehfen Fort",31.2113888888889,34.0466666666667
145,"Tell Zeeza, Qabr Omayir, Tell el-Qabr, Bir Gabr Amir",31.2219444444444,34.1269444444444
146,"Tell el-Kawthar",30.886666206,29.527436924
147,"El-Qarya el-Hamraa",30.907948434,29.611284992
148,"Guaily",31.1841666666667,33.9577777777778
149,"Tell el-Kharruba, El-Kharruba Fort",25.4369444444444,32.5488888888889
150,"El-Tinab",25.575,32.5366666666667
151,"Gebel el-Tod",31.2413888888889,34.1413888888889
152,"Tell el-Sitt",25.4566666666667,32.5375
153,"Nag el-Qada",29.5488888888889,32.2552777777778
154,"Tell el-Resis",29.8502777777778,32.6597222222222
155,"Ras Masalla",31.255,34.1058333333333
156,"Tell el-Sheikh Zuwayid, Tell el-Sakhra, Tell el-Sheikh",31.21,29.85
157,"Fort Kait Bey (II)",30.5211111111111,32.0316666666667
158,"Tell Abu-Nassar",29.6333333333333,34.85
159,"Gebel el-Hamraa",31.2522222222222,34.1186111111111
160,"Tell Ihemar, Tell el-Aheimer",30.9133333333333,32.2427777777778
161,"Tell Abu-Hassan",31.0205555555556,32.2127777777778
162,"Tell Aulad Zidan",29.4086111111111,32.4761111111111
163,"Wadi el-Dom",31.2666666666667,34.1666666666667
164,"Tell Abu-Shennar",30.5472222222222,31.9675
165,"Ezbet Abu el-Saiyid",30.5558333333333,32.0944444444444
166,"Ezbet Rod Iskander",30.5294444444444,32.0236111111111
167,"Tell el-Swaydat",31.2855555555556,34.1938888888889
168,"Tell el-Saiyah, El-Seyaah",30.5277777777778,31.8402777777778
169,"Tell el-Gezira el-Khadra (II)",30.438,31.069
170,"Subk el-Dahhak, Sabek El Dahak",31.296524883,30.070736708
171,"Roman Bath (Abu Qir), Bath of Cleopatra",29.85,31.2667
172,"El-Badrshein, El-Badrashein, Bedrachein",31.2,31.77
173,"Tell el-Kebir, Tell el-Surour",31.47,31.26
174,"Tell Naqiezeh",28.7333333333333,33.5333333333333
175,"Deir el-Mahrad",28.6666666666667,33.5
176,"Dayr al-Banat,Deir el-Banat",29.1016666650772,34.1600000063578
177,"Wadi Tuweiba",29.0916666666667,34.1533333301544
178,"Wadi Taba",28.7666666666667,33.5
179,"Wadi Agla",31.44,31.5
180,"Telal Abu-Geriedeh, Tell Abo-Gredah, Tell el-Sakharin",27.596667,30.863333
181,"El-Hawata el-Sharqiya",28.2333333333333,33.7
182,"Sahl el-Qaa, Sahel el Qaa",29.1166666666667,34.0900000015895
183,"Khashm el-Tarif",29.0666666666667,33.4666666666667
184,"Gebel el-Mokabbir",29.1166666666667,33.4833333333333
185,"El-Bada, El-Beda",28.8166666666667,33.5333333333333
186,"Wadi Nesrin",28.8833333333333,33.3833333333333
187,"El-Hamryat",28.9166666666667,33.5166666666667
188,"El-Sahu",28.7833333333333,33.5833333333333
189,"Gebel el-Tahuna",29.223118,31.067069
190,"Ezbeit Hemeda, Bahabsheen",27.436667,30.808333
191,"El-Qusiyeh",28.95,33.4666666666667
192,"Wadi el-Lehyan, Wadi Lahian",27.317397,30.851068
193,"Bani Sharan",27.076667,31.35
194,"Kherbit el-Onah",26.96,31.39
195,"Bani Faez",26.910213,31.29863
196,"El-Mashaya",26.7333333333333,33.95
197,"Safaga Bay",29.05,33.2333333333333
198,"Abu-Redayem",24.6666666666667,34.9166666666667
199,"Sukkari",31.3083333333333,27.3166666666667
200,"Samela",31.2083333333333,27.5166666666667
201,"Abu Medqiq",30.98,31.85
202,"Tell Umm el-Lahm (N)",29.1166666666667,33.2833333333333
203,"Wadi Kharig, Ouadi el-Kharig, Wadi Kharij",31.0333333333333,28.4583333333333
204,"Tell el-Daba",29.3,33.9833333333333
205,"Wadi Gharandal",29.8705555555556,32.6505555555556
206,"Aiyun Musa, ,Ayun Musa, Oyun Musa, Ouyoun Mousa, Oyoun Moussa, Ujun Musa, Uyun Musa",30.98,32.1
207,"Bahayem, Tell el-Behaim, Tell el-Behaim",28.8666666666667,33.45
208,"Wadi el-Mokattab",31.21,29.86
209,"Qaitbay Fort",31.015225926,29.647269062
210,"Sidi Krir",30.906348412,29.598362144
211,"Manamet el-Zayet, Tell Manamet El Zaiet",31.31,30.08
212,"Abu-Qir – Menouthis",30.88,32.05
213,"Tell el-Firan",29.15,25.7666666666667
214,"Ain Saphie",31.20700204,29.889802857
215,"El-Minaa el-Sharqi, Eastern Harbor",30.949509778,29.567599338
216,"Masaret Taher el-Masry",31.22,29.86
217,"Qaitbay (I)",30.909341859,29.458531567
218,"Shenweer, Tell Shenweer",31.279063269,30.000292728
219,"El-Mamura, Maamoura",28.55,33.75
220,"Habran",30.900512891,29.573077348
221,"El-Hibabiya",30.87,29.54
222,"Karm Sokkara",30.887584909,29.448611717
223,"Tell Said",31.0,29.89
224,"Sidi Blal (a-b-c)",31.0746601,29.763442598
225,"Tell Umm Zghyu, Tell Umm Zeghew",31.00625521,29.881042535
226,"El-Ola el-Sharqiya",30.857036904,29.468682117
227,"Karm el-Qatf",30.875020452,29.442458403
228,"El-Tarbiya",30.866666206,29.530257827
229,"El-Mehesna",30.841388282,29.427584909
230,"Qaryet Habib",31.31,30.13
231,"Abu-Qir – Heracleion",30.53,31.62
232,"El-Suwa asoc. Khalwaeh Abu Muslim",31.0666666666667,28.1583333333333
233,"Umm  Amwod",31.0333333333333,28.0166666666667
234,"Tell el-Munshar",30.975,28.2583333333333
235,"Ghut el-Hawili",31.0416666666667,28.2916666666667
236,"El-Harabii",30.9166666666667,28.3583333333333
237,"El-Roeisat",30.0333333333333,28.5583333333333
238,"Sawani el-Samalusi",31.0583333333333,28.2083333333333
239,"Abu Samreh Tunnel",30.0416666666667,28.1166666666667
240,"Abu Shinaf, Abu Shenaf",29.094109,31.148741
241,"Sherif Pasha (I)",29.094328,31.147065
242,"Sherif Pasha (III)",29.082047,31.139744
243,"Beni Suliman el-Sharqiya",29.037749,30.852332
244,"El-Bahsamun",30.8916666666667,28.2916666666667
245,"El-Kaabish",29.120702,31.049447
246,"Bilifya (II)",30.9916666666667,28.475
247,"El-Karnavih",31.0333333333333,28.4916666666667
248,"Area of 154 km.",30.8666666666667,28.375
249,"Umm-Habîb",30.0583333333333,28.353333346049
250,"Sawani Gabir",30.9416666666667,28.2416666666667
251,"Ras el -Hosan",29.141437,30.899861
252,"Sedment el-Gebel (II), Sidmant al-Jabal (II)",29.1175,30.8635
253,"Sedment el-Gabal (I)",30.77,31.65
254,"Kafr Mohammad Khalil",30.88,31.64
255,"El-Sultan Khader",29.185527,30.936303
256,"Tama Fayoum",29.204579,30.943598
257,"Maniel Ghedan",28.96457,31.033597
258,"Gebel el-Nur (II)",29.259561,31.043301
259,"Abu-Zidan (El-Nakharin)",28.966488,31.037874
260,"Gebel el-Nur (I)",28.92858,31.006014
261,"Ghyaada (I)",28.928137,31.017666
262,"Ghyaada  (II)",28.863646,30.679515
263,"Munqar Shinara",28.879204,30.791623
264,"Mazoura",28.876783,30.795754
265,"El-Kom el-Ahmar",30.8,31.6
266,"Tell Abu el-Hayat",29.252183,31.032748
267,"Soliman Bayad, Suliman Bayad",29.185907,31.207504
268,"Gezeiret Abu Saleh",29.148931,31.175204
269,"Taraf Asfour",29.09456,31.147121
270,"Sherif Pasha (II)",29.116833,30.872333
271,"Sidmant el-Gabal (III)",30.76,31.68
272,"Manshiyet Radwabn",30.76,31.52
273,"Tawahin Ikrash",29.120627,31.048204
274,"Bilifya (I)",30.76,31.42
275,"Kafr el-Akl",24.2680555555556,32.8466666666667
276,"El-Kubaniya",30.54,31.36
277,"Kafr el-Deir",25.72,32.6108333333333
278,"Memnon Colossi, Temple of Amenhotep III, Kom el-Hitan",26.0,32.1583333333333
279,"Gebel el-Arqi",24.0252777777778,32.8838888888889
280,"Agilkia Island (New Site for Philae Temples)",25.55,28.983
281,"Hindaw, El-Hindaw, Hendaw",25.9833333333333,32.8166666666667
282,"Kom el-Moominin, Kom el-Kuffar, Kom el-Koffar, Nag Kom el-Kouffar",31.38,30.71
283,"Tell el-Saharig",26.15,31.9666666666667
284,"The Sinki Pyramid, Nag el-Khalifa, Nag Khalifa",31.4,30.93
285,"Tell el-Filus",31.26,31.03
286,"Tell Umm Gafer",31.4,30.81
287,"Tell el-Ratabi",26.1416666666667,31.9819444444444
288,"Nag el-Amra, El-Amrah",26.25,31.8333333333333
289,"Maslahet Harun",26.35,31.9
290,"El-Sheikh Farag",31.41,30.68
291,"Tell Deshymi",31.21,31.21
292,"El-Shagara",31.38,31.16
293,"Tell el-Kom el-Kebir",26.4333333333333,31.8333333333333
294,"El-Ahaywa Sharq",26.4666666666667,31.8
295,"El-Manshah, Ptolemais Hermiou",31.075,30.31
296,"Sohieb, Sohieb",26.85,31.4166666666667
297,"Kom Ishqaw",26.3166666666667,31.8
298,"El-Sararwa",31.1083333333333,30.6450000127157
299,"Kafr el-Rahmanyeh, Rahmaniya",31.0866666634878,30.1083333333333
300,"Kom el-Berka, Kom el-Birka",26.1833333333333,31.9
301,"Kom el-Sultan, Sheikh Nassir",31.1383333365122,30.0166666666667
302,"Kom Lemsan",31.0833333333333,30.2
303,"Meshielmeh, Meshilmeh",26.3166666666667,31.7833333333333
304,"El-Raqaqna",26.3166666666667,31.7666666666667
305,"El-Saalka",30.8616666793823,30.45
306,"Abu el-Zarazir, Abu El-Zarazier",30.71667,30.67833
307,"El-Magadieb, Khaniezeh",28.6666666666667,30.885
308,"Aulad el-Sheikh, Sharuna-Nazlet Aulad el-Sheikh",29.096667,30.641667
309,"Kom el-Khamsin, Kerkeosiris, El-Gharaq el-Sultani",30.98667,30.18333
310,"Tell Sidi Guma, Tell Saidii Gomeh, Tell Sidi Gumeh",29.5836111111111,32.3427777777778
311,"El-Ain el-Sokhna, Ain-Soukhna",24.0219444444444,32.8866666666667
312,"Biga Island, Bigga Island",29.575,30.708333
313,"Qasr el-Sagha, Kasr es-Sagha, Qasr Sagha, Qasr es-Sagha",29.341667,30.555
314,"Batn Ihrit, Batn Ihrit, Kharabat Ihrit",30.878333346049,30.3883333206177
315,"Kom Abu Ali",29.375,30.455
316,"Madinet Watfa, Medinet Wafta, Philoteras",29.396667,30.408333
317,"Qasr Qarun, Qasr Karun, Dionysias",29.45,30.358333
318,"Madinet Quta, Medinat Quta, Medinat Qawata",31.04479,30.17519
319,"Abu El-Gheranieq, Abu el-Gheraniq",30.98958,30.21477
320,"Abu Megna",31.08333,30.30333
321,"Kom el-Saba (i), El-Sabeh(I)",29.366667,30.546667
322,"Qasr el-Banat, Kasr el-Banat, Qasr el-Banat, Euhemeria",31.025,30.23667
323,"El-Qaysiier, Kayasir",30.96333,30.09167
324,"Tell el-Matishe, Tell Mitabbish, El-Matish",29.11132,30.762801
325,"Omm el-Breigat, Umm el-Breigat, Umm el-Baragat, Tell Umm el-Breigat, Tell Umum, Tebtunis,Tebtynis.",29.186667,30.636667
326,"Madinet Madi, Medinet Maadi, Narmouthis",31.04833,30.50833
327,"Beni Helal, Kom el-Zebedya",29.096954,30.704556
328,"Kom Khelua, Kheloua, Kom Roqaia,Khelwah, Kheloua, Kom Roqaia, Khelwa Kom Kelu, Wadj",30.94167,30.25
329,"Tell el-Rizimat, Tell el-Rozeimat",31.03431,30.13197
330,"Kom el-Magyir (i), Tell el-Magaier (i)",29.127376,30.575264
331,"Magdola, Kom Madinet el-Nehas, Medinet Nehas, Medinet el-Nahas, Medinet el-Nihas",30.97854,30.12167
332,"Tell el-MagayIr (iii), Tell el-Magaier (iii)",30.8916666666667,30.3083333333333
333,"Kom Zekrii, Kom Behaira",29.523801,30.908987
334,"Kom Aushim, Karanis, Kom Ausim, Kom Awchim, Kom Awshim, Kom Awsim, Kom Oussim, Kom Oshim",29.283333,30.613333
335,"El-Hamuli",30.9549999872843,30.2083333333333
336,"Kom Qanass, Qinas",27.65,30.93
337,"Amarna, Tell el-Amarna, El-Amarna",27.7833333333333,30.8016666666667
338,"Ashmunein",28.545,30.6616666666667
339,"El-Bahnasa, Bahnasa",27.755,30.925
340,"Deir el-Bersha, Deir el-Barsha, Nazlet el-Barsha",27.91,30.883
341,"Istabl Antar, Beni Hasan, Beni Hasan, Speos Artemidos, Batn el-Baqara",27.705,30.9
342,"El-Sheikh Said Tombs",27.8116666666667,30.89
343,"El-Sheikh Abadah, El-Sheikh Ibada, Sheikh Ibada, Antinoopolis",28.1883333333333,30.7883333333333
344,"Tihna el-Gebel",27.7383333333333,30.7033333333333
345,"Tuna el-Gebel",28.0466666666667,30.8533333333333
346,"Zawyet Sultan, Zawyet el-Meitien, Zawyet el-Amwat",25.84305555,32.70555555
347,"Abadiya, El-Abadieh, Abadijeh",29.541667,31.008333
348,"Kom el-Asl, Kom Umm el-Atl, Kom el-Atl, Bacchias, Backhias",29.382948,31.054065
349,"Gebel el-Rus, Seila, Seilah, Seileh, Silah",29.40441,31.051287
350,"Fag el-Gamus",29.366667,30.858333
351,"Biahmu, Biyahmu",29.275,30.908333
352,"Hawara, Hauwaret el-Maqta, Haouara, Haouarah, Hawwara",29.225,30.975
353,"El-Lahun, Illahoun, Illahun, Lahoun, Lahun, Bashkatib",29.208333,30.958333
354,"Gurob, Ghurab, Gourob, Medinet el-Ghourab, Medinet el-Ghourob, Medinet el-Ghurab, Kom Medinet Gurob, Kom Medinet Ghourob, Kom Medinet Ghurob",29.333333,30.825
355,"Kiman Faris, Midan Faris, Medinat el-Faiyum, Krokodilopolis, Arsinoe, Shedet, Tell Azab",29.241667,30.625
356,"Kalion, Kom Alioun",29.202335,30.591368
357,"Ghoran, Medinet el-Ghoran",29.465658,31.082216
358,"Girza, El-Gerzeh, Gerza, Gerzeh,Girzah",26.6166666666667,31.75
359,"El-Salamuni",29.475,31.058333
360,"Kom el-Hamam, Kom Darb Gerza, Kharaba al-Kebier, Philadephia",26.1833333333333,31.9166666666667
361,"El-Araba al-Madfuna, Abydos",26.5666666666667,31.7333333333333
362,"Akhmim",26.5833333333333,31.8
363,"El-Hawawish (II)",26.3166666666667,31.7666666666667
364,"Beit Khallaf",26.175,32.6819444444444
365,"Nag el-Gaziriya",26.3666666666667,31.9
366,"Nag el-Deir",26.1430555555556,32.6705555555556
367,"Dandara, Dendara, Dandarah, Dendera, Denderah",26.0361111111111,32.3819444444444
368,"El-Halfaya Qibli, El-Halfaja Qibli, El-Halfiya Qibli, Halfayah Kebli, Halfia Gibli, Halfia Qibli",26.2666666666667,31.8166666666667
369,"El-Mahasna",26.1097222222222,32.3111111111111
370,"Hamra Dom, El-Qasr and el-Sayiad,  Hamret Dom, Hamra Doum",29.441667,31.066667
371,"Hogmeen, Homeen",29.533333,30.825
372,"Qaret el-Rosas",29.317205,30.937711
373,"El-Basionia",29.433,31.0
374,"El-Rubiyat",26.0166666666667,32.2805555555556
375,"Hiw, Hu, Hiu, Heou, Hou",25.9,32.7055555555556
376,"Naqada, Nagada, Nagadah, Naqadah",25.7341666666667,32.7097222222222
377,"Medamud, Nag el-Madamud, El-Medamoud, El-Medamud, Madamoud, Madamud, Medamut",25.9111111111111,32.775
378,"Qus",26.5166666666667,31.6666666666667
379,"Athribis, Wannina",29.2,31.0
380,"El-Haraga, Harageh",26.5666666666667,31.6666666666667
381,"El-Hagarsa",29.525,30.658333
382,"Demiyet El Seba', Dimai, Dimeh, Dimu, Soknopai Nesos",30.0,31.117
383,"Kafr Ghattati, Kafr el-Ghatati",30.2166666666667,30.9666666666667
384,"El-Qatta, El-Qatta (II), El-Qatteh, Qatta",29.967,31.15
385,"Nazlet Batran, Nezlet Batran",29.933,31.167
386,"Zawyet Abu-Musallam",30.317,30.85
387,"Merimda Beni Salama, Beni Salame, Merimda",29.4,31.25
388,"Atfih, Atfieh",29.5,31.233
389,"Kafr Ammar, Tarkhan, Kafr Tarakhan",29.75,31.25
390,"Masghuna, Mazghouna",29.955,31.1
391,"Zawyet el-Aryan, Saujet el-Arjan, Zaouiet el-Aryan, Zaouyet el-Aryan",29.433,31.2
392,"El-Riqqa",29.567,31.283
393,"El-Saff, As-Saff, Es-Saff",28.1216666666667,30.7816666666667
394,"Nazlet el-Shurafa, El-Sheikh Mubarak, Matine, Tine, Kom el-Kefara, El-Hawarta, Nazlat Shurafa, Nazlet Schurafa, Nazlet esch-Schurafa",30.123,31.139
395,"Ausim, Aousim, Aoussim",29.9833333333333,31.1333333333333
396,"El-Giza, Giza Plateau, Gisa, Gizah, Gizeh, Guiza, Gyzeh",29.85,31.25
397,"Memphis, Mit Riheina, Mit Rahineh, Mit Rahina",28.55,30.875
398,"El-Sheikh Fadl, Ihrit (I)",29.75,31.233
399,"Dahshur, Dahschur, Dahshour, Dahshur, Dashour",29.85,31.2167
400,"Saqqara, Saqqara Necropolis",29.8833,31.2167
401,"Abusir, Abu-Sir, Abou-Sir, Abu Sir, Abusir",30.05,31.0833333333333
402,"Abu-Rawash, Abou-Rawach, Abou-Rawash, Abou-Rawwach",26.0083333333333,32.7486111111111
403,"Deir el-Ballas, Ballas, El-Mahrusa, Dayr al-Ballas",26.0,32.8083333333333
404,"Qift, Gouft, Guft, Keft, Kift, Qeft, Qift, Quft, Qouft",28.28,30.7583333333333
405,"Gebel el-Teir el-Bahari",29.0166666666667,30.95
406,"Kafr Abu-Shahba",27.9083333333333,30.675
407,"Balansura",28.817,30.75
408,"El-Gamhud",26.15,32.1666666666667
409,"El-Balabish, El-Qusa",25.7083333333333,32.65
410,"Abu el-Gud (I), Abou el-Gud, Abu Jud, Abu al-Jud, Abu el-Jud",25.7188888888889,32.6583333333333
411,"Temples of Karnak, Al-Karnak, Carnac, El-Karnak",25.7,32.6394444444444
412,"Temple of Luxor, Al-Uqsur, El-Oqsor, El-Uqsur, Louxor, Luqsor",25.3933333333333,32.5441666666667
413,"Asfun el-Matana, Asfoun, Asfoun el-Mataana, Asfun",25.7333333333333,32.6141666666667
414,"Asasif, Assasif, Assassif, El-Assasif",25.5252777777778,32.4641666666667
415,"El-Mahamid Qibli, Ezbet Mikki, Dahmasha",25.7238888888889,32.6019444444444
416,"Qurnet Murai,Gournet Mourahi, Gurnet Murrai, Qurnet Murrai",25.7375,32.6088888888889
417,"Deir el-Bahri, El-Deir el-Bahari",25.7277777777778,32.6011111111111
418,"Deir el-Medina, Deir el-Medineh",25.6952777777778,32.5783333333333
419,"Deir el-Shelwit, Deir Chellouit, Deir Ech-Chellouit, Deir Es-Shelwit, Deir al-Shalwit, Deir ech-Chellouit, Deir el-Chellouit, Deir el-Chelouit, Deir el-Cheluit, Deir el-Shalwit, Deir esch-Schelwit, Deir esh-Shelouit",25.7369444444444,32.6244444444444
420,"Dra Abuel-Naga",25.7319444444444,32.6127777777778
421,"El-Khokha, El-Chocha, Khokha",25.7138888888889,32.5919444444444
422,"Malqata, Palace-City of Amenhotep III, Kom el-Samak, Malkata, Malkatta, Malqatta, Molgata",25.7,32.6
423,"Medinet Habu, Medinet Abu, Medynet Abou, Medinat Abu, Medynet Abou",25.4483333333333,32.5438888888889
424,"Tombs of el-Mialla, Tombs of Moalla, El-Moalla, El-Moallah, Moalla",25.7175,32.6005555555556
425,"Qasr El-Aguz",29.867,31.25
426,"El-Aziziyeh, El-Aziziya",25.5866666666667,32.4413888888889
427,"El-Rizeiqat, Er-Riseikat, Riseikat",25.7322222222222,32.6094444444444
428,"Sheikh Abdel-Qurna, Cheikh Abd el-Gourna, Scheich Abd-el-Qurna, Sheikh Abd el-Gournah",25.7358333333333,32.6355555555556
429,"El-Tarif, Et-Tarif, Tarif.",25.7291666666667,32.6097222222222
430,"Temple of Ramesses II, Ramesseum",25.7402777777778,32.6011111111111
431,"Valley of the Kings, Biban el-Moulouk, Biban el-Muluk, Ouadi el-Moulouk, Wadi el-Muluk",29.9,31.2
432,"Abou-Ghorab, Abou-Gourab, Abou-Gourob, Abu-Ghorab, Abu-Ghurab",29.873,31.32
433,"El-Omari",29.933,31.267
434,"Tura el-Asmant, Tourah el-Esmant",29.967,31.25
435,"El-Maadi Sharq",29.983,31.3
436,"Sadd el-Kafra, Sadd el-Kaffara",30.017,31.233
437,"Batn el-Baqara (El-Fustat), El-Foustat, Fostat, Fustat, al-Fustat",29.855,31.265
438,"Kom el-Nawa",30.1333333333333,31.3
439,"Arab el-Hisn, Arab el-Hesen",29.85,31.265
440,"Kom el-Arbayin",30.153,31.338
441,"El-Marg, Al-Meragh",29.84,31.25
442,"Kom Fakhri, Kom Fakhry, Kom el-Fakhri, Tell el-Moulakid",29.83,31.25
443,"Kom Rabia, Kom el-Rabi",30.1166666666667,31.3333333333333
444,"Ard el-Naam, Ard en-Naam",24.8436111111111,32.8991666666667
445,"Bueb, Gebel el-Sirag",25.7277777777778,32.5938888888889
446,"Valley of the Queens, Ouadi el-Malikat, Valley of the Queens, Wadi el-Melikat",25.5827777777778,32.5336111111111
447,"Temple of el-Tod",25.6227777777778,32.5436111111111
448,"Temple of Armant el-Heit, Armant, Arment, Erment",24.0883333333333,32.8986111111111
449,"Aswan",25.7944444444444,32.7402777777778
450,"El-Bahari Qamula, Kamula, Kamoula",25.9333333333333,32.7333333333333
451,"Tukh, Nag Arab Tukh, Nag el-Arab Tuch",25.2530555555556,32.6158333333333
452,"Zarnikh, Sarnich, Zarnich, Zernikh",26.3333333333333,32.0833333333333
453,"Nag el-Mashayikh",24.0572222222222,32.8741666666667
454,"Island of Seheil, Island of Sehel",24.9766666666667,32.8722222222222
455,"Tell Edfu, Tell Idfu",24.6483333333333,32.9338888888889
456,"Gebel el-Silsila East",25.0913888888889,32.7741666666667
457,"El-Kom el-Ahmar, Hierakonpolis",25.2141666666667,32.6322222222222
458,"Temple of Kom Mir",30.083,31.3
459,"Minshat el-Sadr",25.8652777777778,32.7736111111111
460,"Shanhur, Shenhur, Chanhour, Schanhur, Schenhur, Shanhour",24.9744444444444,32.8413888888889
461,"Hagir Edfu, Hagr Edfu",30.117,31.317
462,"El-Matarijah, El-Matariya, Matarieh, Matariya",28.5138888888889,29.0205555555556
463,"El-Aguza, El-Agouz",28.3667,28.9333
464,"Qasr el-Zabu, Kasr el-Zabou, Qasr al-Zabw, Qasr el-Zaboe",29.8,31.25
465,"Kom el-Qala, Kom Qala",29.5666666666667,31.2166666666667
466,"El-Licht, El-Lisht, Lischt, Lisht",29.45,31.2
467,"El-Gerzeh, Gerza, Gerzeh, Girza, Girzah, Girzeh",28.5805555555556,29.1425
468,"El-Harra, Hara",28.5108333333333,29.0411111111111
469,"Mandisha, Mandisheh",28.35,28.85
470,"Qaret Hilwa, Qaret el-Hilwa, Qarat Hilwah",28.455,29.0327777777778
471,"Ayn el-Mouftella, Ain el-Muftilah, Ayn el-Muftella, Ayn el-Tebaneyya",28.4838888888889,28.9122222222222
472,"El-Tebanieh, El-Tibniya",28.35,28.8555
473,"Ain el-Bishmu",28.3333333333333,28.85
474,"Qaret el-Farargi",28.35,28.8667
475,"Qaret Qasr Selim",28.3333333333333,28.85
476,"El-Ayun",28.35,28.8166666666667
477,"Qasr el-Megysba, Qasr al-Megysbeh, Qasr el-Meguesbeh, Qasr el-Megisba",28.35,28.8667
478,"El-Bawiti, Baouiti, Bawati, Bawiti",30.609,31.147
479,"Tell Mustai,  Umm Harb",30.529,31.172
480,"Quweisna Quarries, Qouwasna Quarries, Queisna, Quesna",30.602,30.892
481,"Sersana",24.6705555555556,32.9255555555556
482,"Nag el-Hammam (I)",24.5869444444444,32.9013888888889
483,"Ezbet el-Reseiris",24.685,32.9236111111111
484,"Wadi Shatt el-Rigal",24.8613888888889,32.8497222222222
485,"Nag el-Hasaya, Nag el-Hisaja, Nag el-Hisaya, Nag el-Hissaya, Naga el-Hisaya",24.7330555555556,32.9205555555556
486,"Nag el-Hosh, El-Hosh",25.1272222222222,32.7986111111111
487,"El-Kab",25.2933333333333,32.5786111111111
488,"El-Hilla",24.1025,32.8905555555556
489,"Qubbet el-Hawa, Qubbet el-Haoua",24.0844444444444,32.8866666666667
490,"Aswan Island, Elephantine Island, Geziret Assouan, Geziret Assuan, Geziret Aswan.",23.55,32.8666666666667
491,"Beit el-Wali, Beit el-Ouali, Bet el-Wali",25.2936111111111,32.5563888888889
492,"Temple of Isna, Temple of Esna",25.485,32.4941666666667
493,"Gebelein, Nag el-Gharira, El-Gebelein, El-Gebelin",24.4516666666667,32.9280555555556
494,"Kom Ombo",22.3369444444444,31.6252777777778
495,"Abu-Simbel, Ibsamboul, Ipsamboul",22.6558333333333,32.2408333333333
496,"Derr, El-Derr, Derri, Ed-Derr",23.9608333333333,32.8672222222222
497,"New Kalabsha (New Site for Temples of Kalabsha, Beit el-Wali, Kiosk of Qertassi)",22.5833333333333,32.0833333333333
498,"Qasr Ibrim, Kasr Ibrim",23.7,32.8666666666667
499,"Qertassi, Gertassi, Qertas,  Kertasi, Qertasi, Qirtas, Qirtasi",23.9097222222222,33.2152777777778
500,"Wadi el-Allaqi, Wadi el-Alaqi",25.6852777777778,32.5936111111111
501,"El-Aqalta",25.6961111111111,32.6177777777778
502,"El-Buayrat",22.75,32.35
503,"New el-Sebua (New Site for Temples of Wadi el-Sebua, Dakka, Maharraqa)",23.2833333333333,32.9
504,"Gerf Hussein, Djerf Hussein,Gerf Hossein, Gerf Houssein",23.1272222222222,32.765
505,"Dakka, El-Dakka, Dakkah, Dakke, Dakkeh, El-Dakkah",28.3183333333333,30.7666666666667
506,"El-Siririya, Al-Sariryah el-Babein",23.05,32.6833333333333
507,"El-Maharraqa, Ofendina, El-Maharraqah, Maharraka, Muharraqa",22.7166666666667,32.25
508,"New Amada (New Site for Temples of Amada, Derr, Tomb of Pennut)",23.8722222222222,33.1833333333333
509,"Wadi el-Hudi",25.7463888888889,32.6027777777778
510,"Wadi el-Qirud, Valley of the Monkeys",28.5966666666667,30.875
511,"Kom el-Ahmar Sawaris, Sharuna(I)",25.7344444444444,32.6233333333333
512,"El-Qurna, El-Qourna, Gourna, Gournah, Gurna, Qournah, Qurna",25.0047222222222,33.31
513,"Temple of Kanayis, Wadi Miah, Wadi Abbad, El-Kanayis, Kanais",25.7279,32.5897
514,"Wadi Sikkit Taqet Zaid, Ouadi Sikkat Taget Zeid, Ouadi Sikket Taqet Zaid, Ouadi Tagget Zeid, Siqqet Taqa ez-Zeid",28.3333333333333,30.65
515,"Doulkam el-Otef, Dulqam el-Uteif",28.3216666666667,30.765
516,"Beni Khaled",25.7541666666667,32.6244444444444
517,"Thoth Hill",25.5019444444444,32.5180555555556
518,"El-Dibabiya",25.2311111111111,32.5866666666667
519,"El-Adayma, Adaima",30.2027777777778,32.5042777777778
520,"Tell Kabrit el-Bahhara",28.3333333333333,30.6183333333333
521,"Kom el-Rahib",28.1633333333333,30.78
522,"Fraser Tombs",28.4183333333333,30.6
523,"Kom el-Namroud, Kom el-Namrud",28.6533333333333,30.875
524,"Qarara, Karara, Gebel Karara, Gebel Qarara, Izbet Qarara",28.3766666666667,30.8083333333333
525,"El-Sheikh Hasan, Kom el-Sheikh Hasan, El-Sheikh Hassan",28.25,30.675
526,"Kom el-Ahmar, Beni Ghani",28.6616666666667,30.6583333333333
527,"El-Sheikh Masoud, Sheikh Masoud",28.475,30.8
528,"El-Qayss, Qayss, El-Qeis",28.45,30.6516666666667
529,"Ebgag el-Hattab",27.8566666666667,30.8483333333333
530,"El-Sheikh Timai, Sheikh Timai",28.6983333333333,30.675
531,"Barmasha, Bermasha - Zawyet Barmasha, Zawyet Bermasha",26.2166666666667,31.8666666666667
532,"El-Haraga bil-Quran",26.2333333333333,31.85
533,"Beit Allam",26.4666666666667,31.8
534,"The Temple of Neos Dionysos (Auletes)",28.2716666666667,30.76
535,"Gebel el-Teir el-Qibli",28.1583333333333,30.66
536,"Kom el-Aْhmar, Hihiya, Hihya",28.5716666666667,30.8716666666667
537,"Kom el-Ahmar Sawaris, Scharuna (II)",27.7066666666667,30.9383333333333
538,"Ancient Alabaster Mine",28.3383333333333,30.5916666666667
539,"Kom Tumaida, Tomeida, Kom Tenada",28.4833333333333,30.8666666666667
540,"El-Sheikh Fadl, Ihrit (III)",27.61,30.93
541,"El-Hagg Qandil",26.2833333333333,31.7666666666667
542,"Mastaba of King Djoser",28.5033333333333,30.8766666666667
543,"El-Sheikh Fadl, Ihrit (II)",26.2833333333333,31.8
544,"Sahl Beit Dawud",26.5666666666667,31.7333333333333
545,"Temple of King Ramesses II",27.93,30.83
546,"Beni Hassan Tombs",26.5833333333333,31.8166666666667
547,"El-Hawawish, Beit el-Medina",26.85,31.3333333333333
548,"Qaryet el-Qutna",26.85,31.3333333333333
549,"El-Qutna",26.5666666666667,31.6333333333333
550,"Idfa",26.5,31.65
551,"Nag el-Sheikh Hamad",26.6666666666667,31.6
552,"Qaryet Basuna",26.6833333333333,31.65
553,"Qaryet Fawgilai",26.8,31.4833333333333
554,"Qaryet Banga",26.7666666666667,31.4833333333333
555,"Tahta",26.7666666666667,31.3666666666667
556,"Nazlet Khatir",26.8333333333333,31.3333333333333
557,"El-Qarya bil-Diweir",26.1833333333333,31.9
558,"El-Sitt Dimyana Monastery",26.8333333333333,31.3333333333333
559,"Qaryet el-Aghanna",26.7333333333333,31.6166666666667
560,"Nag Suliman Atiya",26.7,31.6666666666667
561,"Gebel el-Rayayna bil-Hagir",26.1666666666667,31.9
562,"Umm el-Qaab",26.1666666666667,31.9166666666667
563,"Funerary Complex of King Senusert III",26.1666666666667,31.9333333333333
564,"Funerary Complex of King Ahmose I",26.5333333333333,31.6
565,"The Red Monastery (III) - Aulad Azaz",26.1833333333333,31.9
566,"Shunet el-Zabib",26.0472222222222,32.1083333333333
567,"El-Hagg Sallam",26.1833333333333,31.9166666666667
568,"Temple of King Ramesses II, Beni Mansur",26.6333333333333,31.4666666666667
569,"Giheina",26.6333333333333,31.8333333333333
570,"Wadi Bir el-Ain",26.85,31.4166666666667
571,"Qaryet Kom Ishqaw",26.8,31.55
572,"Gebel el-Haridi, El-Khizindariya",26.7,31.5333333333333
573,"Qaryet Banawit",26.7,31.55
574,"Tell el-Shikiwi",26.5333333333333,31.65
575,"The White Monastery - Aulad Azaz",25.9969444444444,32.86
576,"Nag el-Higeiri",26.0958333333333,32.0111111111111
577,"El-Nawahid",26.5166666666667,31.6333333333333
578,"Tombs of Gebel el-Deir el-Abyad",26.55,31.6166666666667
579,"The Red Monastery (I) - Aulad Azaz",24.3758333333333,32.9030555555556
580,"Necropolis of Birds",26.5333333333333,31.6
581,"The Red Monastery (II) - Aulad Azaz",26.6333333333333,31.75
582,"El-Sawamia Sharq",26.0597222222222,32.4277777777778
583,"El-Waqf",26.0958333333333,32.4805555555556
584,"El-Marashda",26.0472222222222,32.4055555555556
585,"El-Samayna",31.0772222222222,34.1644444444444
586,"Tell Abu-Shoqafa el-Kabir",31.1222222222222,34.1408333333333
587,"Khirbit Rotel",30.725,34.3583333333333
588,"Qalet el-Muwelah, Ein el-Muweilah",30.7277777777778,34.3833333333333
589,"Tell el-Sabha",31.2083333333333,33.0625
590,"Tell el-Qels, El-Qals",31.2633333333333,34.1288888888889
591,"Tell Ahimar (II)",31.207111,34.047888
592,"Tell el-Manakh",31.0419444444444,33.4602777777778
593,"Tell Mazar, Bir el-Mazar",31.0986111111111,33.405
594,"Tell el-Khuwaynat, El-Khuinat",31.0747222222222,34.1738888888889
595,"Tell Abu-Shoqafa el-Saghir",26.0333333333333,32.1158333333333
596,"Kom el-Ahmar Farshut, Farschut, Farshout",31.0761111111111,34.1352777777778
597,"Bir el-Oweida, Bir el-Awida",25.85,32.7
598,"Danfiq",25.9694444444444,32.7333333333333
599,"El-Zawayda, El-Zawaida, El-Zaweida, Ez-Zaweida, Zawaidah, Zawaydah",26.0,32.275
600,"Hur",26.1277777777778,31.9972222222222
601,"El-Sheikh Waqqad",25.9944444444444,32.2435
602,"Abu-Amuri",26.0916666666667,32.0222222222222
603,"El-Baraghit",24.3544444444444,32.9130555555556
604,"Nag el-Hagar, El-Khannak",24.6461111111111,32.9294444444444
605,"Gebel el-Silsila West, Djebel el-Silsileh, Gabal Silsila, Gebel Selsela, Gebel Silsila, Gebel Silsileh, Gebel al-Silsila, Gebel el-Silsile, Gebel es-Silsile, Selseleh, Silsileh",24.7161111111111,32.9180555555556
606,"Abu-Tanqura, Abou-Tanqourah Bahari, Abu-Tanqura Bahari, Abu-Tanqurah Bahari",24.8133333333333,32.9133333333333
607,"Bueb Qibli, Al-Buwayb, Bueb, El-Boueib, El-Boueib, El-Bouweb, El-Bouweib",24.8286111111111,32.9052777777778
608,"Bueb Bahari, Al-Buwayb, Bueb, El-Boueib, El-Boueib, El-Bouweb, El-Bouweib",24.0855555555556,32.8930555555556
609,"Temple of Domitian, Roman Temple",24.0380555555556,32.9108333333333
610,"El-Shallal, El-Shellal, Chellal, Schellal",25.1336111111111,32.7336111111111
611,"Pyramid of el-Kula, El-Kola, El-Kolah, El-Koula, El-Kula,  Kolah, Kula",22.8055555555556,31.3555555555556
612,"Khafre Quarries, Gebel el-Asr",24.0769444444444,32.8955555555556
613,"Northern Quarries, Unfinished Obelisk",24.0388888888889,32.9
614,"Rock Inscriptions",24.0413888888889,32.8927777777778
615,"Fortification Wall",24.6816666666667,32.9472222222222
616,"Nag el-Shibeika",24.0838888888889,32.8933333333333
617,"Temple of Isis, Ptolemaic Temple",24.9791666666667,32.8755555555556
618,"Medinet Edfu, Medinet Idfu",25.2705555555556,32.5308333333333
619,"Hagir el-Qaraya",25.3294444444444,32.4963888888889
620,"Necropolis of Buel",25.6616666666667,32.5075
621,"Hagir Armant el-Heit, Ezbet Abu-Dighar, Hagar Armant, Hagir Armant, Hagr Ermant, Hagir Ermant",25.4066666666667,32.5641666666667
622,"Nag el-Hanadi",25.3008333333333,32.5125
623,"Necropolis of the Fish",25.7336111111111,32.6166666666667
624,"Temple of Ramesses IV",25.1933333333333,32.6277777777778
625,"Hagir Kom Mir, Gazelles Necropolis, Komir, Kommir, Kummaier",25.5994444444444,32.5627777777778
626,"Hod el-Wetwata",25.2994444444444,32.555
627,"Medinet Isna, Medinet Esna, Esnah, Esneh,  Isna",25.6236111111111,32.5425
628,"Medinet Armant el-Heit",25.7322222222222,32.6294444444444
629,"Temple of Seti I, Qurna Temple",26.0944444444444,32.0327777777778
630,"El-Kaimat",25.7111111111111,32.6541666666667
631,"Temple of Mut",25.5830555555556,32.5327777777778
632,"Qaryet el-Tod",25.7327777777778,32.6191666666667
633,"Temple of Tuthmosis III",25.7272222222222,32.6080555555556
634,"Temple of Tuthmosis IV",25.7252777777778,32.6061111111111
635,"Temple of Merenptah",25.7216666666667,32.6002777777778
636,"Temple of Ay and Horemheb",25.6208333333333,32.5416666666667
637,"Remains of the Pylon of the Temple of Cleopatra VII",25.7275,32.5986111111111
638,"Sanctuary of Ptah and Meretseger",25.7327777777778,32.6191666666667
639,"Ramesside Temple",25.7327777777778,32.6194444444444
640,"The Colonnade Temple of Ramesses IV",25.7222222222222,32.6041666666667
641,"North Temple",25.7213888888889,32.6033333333333
642,"South Temple",25.7327777777778,32.6227777777778
643,"Temple of Amenhotep I and  Ahmose-Nefertari",25.7219444444444,32.6038888888889
644,"Temple of Amenhotep Son of Hapu",25.7269444444444,32.6072222222222
645,"Temple of Khonsuirdis",25.7327777777778,32.6108333333333
646,"El-Hoza",25.7297222222222,32.6133333333333
647,"Temple of Merenptah-Siptah",25.7333333333333,32.6033333333333
648,"Temple of Montuhotep III Saankhkare",25.7258333333333,32.6072222222222
649,"Temple of Tewosret",25.7216666666667,32.6036111111111
650,"Temple of Tuthmosis II",25.7266666666667,32.6094444444444
651,"Temple of Wadjmose",25.7333333333333,32.6194444444444
652,"Valley Temple of Hatshepsut",30.5066666666667,31.9058333333333
653,"Tell el-Manshiya",26.0052777777778,32.8177777777778
654,"El-Qala, El-Qalaa",24.4213888888889,32.8816666666667
655,"Bimban",23.6936111111111,32.8802777777778
656,"Dihmit, Khor Dehmit",22.2033333333333,31.5936111111111
657,"Ballana",24.0894444444444,32.8763888888889
658,"Gebel el-Tingar",30.5030555555556,31.8758333333333
659,"Tell el-Mujahedin",25.0780555555556,32.8269444444445
660,"El-Kilh, El-Kalh",25.7097222222222,32.65
661,"Abu el-Gud (II)",24.2147222222222,32.8966666666667
662,"El-Khattara, Khor Abu-Subeira, Chattara, El-Chatara, El-Chattara, El-Khatara, Khatara",23.6213888888889,32.8647222222222
663,"Tafa, Taffa, Tafah, Taffeh,Teifa,",23.9297222222222,32.8447222222222
664,"Dabud, Dabod, Debod",31.0277777777778,32.2636111111111
665,"Tell Nasir",23.3419444444444,32.9327777777778
666,"Dendur, Dandour",23.1172222222222,32.7869444444444
667,"Quban, Kuban, (Contra Pselkis), Koban, Kouban, Qoban",31.0436111111111,32.1469444444444
668,"Tell el-Mahmudi",22.6213888888889,32.0244444444444
669,"Aniba, Aniba, Aneiba, Anibeh, Eneiba, Ineiba",22.6358333333333,32.0769444444445
670,"El-Lessiya, Al-Lesiya, Ellesia, Ellessija, Ellessya, Ellesya",22.2544444444444,31.6472222222222
671,"Abahuda, Abu-Oda, Abou-Hoda",22.2069444444444,31.6283333333333
672,"Gebel el-Shams,Gebel el-Schams, Gebel esch-Schams, Gebel esh-Shams, Gebel esh-Shams, Gebel esh-Shems",22.1555555555556,31.5452777777778
673,"Qustul, Koustoul, Qostol",30.5477777777778,32.1094444444444
674,"Area 16",22.1538888888889,31.5077777777778
675,"Faras",22.0975,31.4522222222222
676,"Aksha, Serra West, Akscha, Aksche",22.0519444444444,31.4452777777778
677,"Serra East, Serra Est, Serra Ost",22.0991666666667,31.3958333333333
678,"Dibeira East, Debeira Est, Debeira Ost, Debeira-Ost",22.0991666666667,31.375
679,"Dibeira West",24.2358333333333,32.8608333333333
680,"Nag el-Qarmila",23.5311111111111,32.8636111111111
681,"Kalabsha",22.6469444444444,32.2713888888889
682,"Amada",24.1113888888889,32.8638888888889
683,"Gebel el-Sawan, Gebel el-Granite",22.6586111111111,32.58
684,"Wadi el-Sebua, El-Sebua, Ouadi es-Seboua, Ouadi es-Seboua, Ouadi es-Sebouah, Ouadi-es-Seboua, Sebua, Wadi es-Sebua",29.5488888888889,32.6644444444444
685,"Tell el-Matlab",22.2811111111111,31.6472222222222
686,"Abu-Simbel",24.0166666666667,32.8833333333333
687,"Temples of Philae",30.9133333333333,32.2405555555556
688,"Tell Umm-Khalaf",24.1113888888889,32.8638888888889
689,"Gebel Gulab, Gebel Goulab",24.0855555555556,32.8744444444444
690,"Gebel Sidi Osman",24.0855555555556,32.8744444444444
691,"Nag el-Ghuneimiya",29.4688888888889,32.4475
692,"Tell Abu el-Darag",29.4986111111111,32.4213888888889
693,"Tell el-Sailek",29.4747222222222,32.4330555555556
694,"Aulad Saif",29.4280555555556,32.4877777777778
695,"Tell el-Busaylat",29.8502777777778,32.6597222222222
696,"Ain Hodra (A, B and C)",30.5558333333333,32.0977777777778
697,"Tell Abu-Suweir",30.413,30.852
698,"Zawyet Rosien, Zawyet Razin",30.7805555555556,32.3080555555556
699,"Tell el-Ballah",30.5205555555556,32.3286111111111
700,"Tell Heneidaq",30.7938888888889,32.2563888888889
701,"Tell el-Kafriya",30.7761111111111,32.2530555555556
702,"Tell el-Saayda",30.5130555555556,31.9075
703,"Tell Umm-Mushaq & el-Ku (II)",30.4730555555556,32.3219444444444
704,"Tell Serapeum (II)",30.9408333333333,32.4902777777778
705,"El-Tell el-Abyad",30.465,30.931
706,"Menof, Minouf",28.0333333333333,28.65
707,"El-Hayz, El-Haiz, Al-Haiz, Al-Hayz, El-Haiyz,  El-Hayez, El-Heiz, El-Hez",28.35,28.85
708,"El-Qasr",29.855,31.255
709,"Kom Khanziri - Kom el-Khanzir",29.862,31.25
710,"Kom Aziz",29.86,31.25
711,"Kom Tuman, Kom Teman, Kom Touman",29.5,31.2166666666667
712,"Tarchan",30.24,31.24
713,"Tanan",30.19,31.16
714,"Shaleqan",30.41,31.2
715,"Sandanhur",30.48,31.18
716,"Tell Atrib, Kom Sidi Yussuf, Tell Attrib, Tell el-Atrib, Tell Athrib",30.29,31.33
717,"Tell el-Yahudiya, Tell el-Jahudija, Tell el-Jehudija, Tell el-Yahoudiya, Tell el-Yahudieh, Tell el-Yahudiyeh, Tell el-Yehoudieh",30.18,31.2
718,"Qalyub el-Balad",30.19,31.16
719,"Shablangeh",30.45,31.24
720,"Tell el-Matlab",30.18,31.28
721,"Belqs",30.28,31.2
722,"Qaha",30.28,31.31
723,"23 July el-Marg",30.35,31.23
724,"Mushtuhur",30.3,31.35
725,"Arab el-Sawaleh and  Juhineh",30.19,31.33
726,"Tell el-Semasem",30.95,31.62
727,"Mendes, Tell el-Ruba, Tell el-Roba, Kom el-Adhem",30.94,31.52
728,"Timay el-Amdid",31.25,31.58
729,"Tell el-Balamun, Tell el-Ahmer, Tell el-Belamun, Tell el-Balamon",30.86,31.56
730,"Tell el-Maqdam",30.95,31.39
731,"Tell el-Samarra, Tell el-Samara",30.29,31.35
732,"Arab el-Elaiqat el-Bahariyeh",30.34,31.27
733,"El-Deir, Derr, Derri, Ed-Derr",30.27,31.23
734,"Khaleweh Senhoweh",30.23,31.26
735,"Qaryet Naweii, El-Kom el-Ahmar",30.28,31.36
736,"Abu Zabal - El-Sarwaeh el-Madanyeh Quarries",30.148,31.299
737,"Mustrud, Musturud",31.24,31.31
738,"Tell Mowrad",30.99,31.64
739,"Tell el-Hawfyeh",30.92,31.61
740,"Tell Tambul, Tell Tanbowl",30.96,31.51
741,"Tell el-Farkha, Ghazala",30.82,31.57
742,"Ard Minshat Ezzat, Minschat Azzat, Minschat Ezzat, Minshat Ezzat",30.68,31.31
743,"Dundit",30.62,31.31
744,"Tell Miet Yaish",30.68,31.35
745,"Tell el-Naqwus East the Road, El-Baqliyeh el-Zareqi",31.06,31.58
746,"Tell Tabilla, Tell Balala, Billi, Tell Billeh, Tell Tibilla",31.18,32.07
747,"Tell Ibn Sallam",31.32,31.77
748,"Tell Yaqsar wa Yatul, Tell Kourdoud, Tell Kurdud, Tell Yetwal wa Yuksur",30.95,31.42
749,"El-Baqlyeh, Tell el-Baqliya",30.86,31.36
750,"Tell el-Kharabeh",30.86,31.59
751,"Tell el-Lajieh",31.07,31.79
752,"Tell el-Bueb, Tell Buweib",31.15,31.77
753,"Tell el-Balasun",30.94,31.65
754,"El-Daba, El-Dabeh, Tell Qnan",31.4450000127157,31.5
755,"Kom el-Hamamat",31.4,31.57
756,"Tell el-Mahgara",30.97,31.65
757,"Tell el-Dahab",31.4,31.52
758,"El-Kom el-Ahmar (V)",31.37,31.85
759,"Lake Manzaleh (Buhieret el-Manzaleh) - Tell el-Gasseh",31.42,31.7
760,"Tell el-Deir",31.29,31.84
761,"Lake Manzaleh (Buhieret el-Manzaleh) - Tell el-Zawyeh",31.28,31.79
762,"Tell el-Debalon, Tell el-Dabaloon, Tell el-Babalom, Tell el-Damalon",31.31,31.82
763,"Lake Manzaleh (Buhieret el-Manzaleh), Tell Kom el-Dahab",31.41,31.87
764,"Tell Shata",31.0,31.75
765,"Tell el-Ghuz, Tell el-Ghouz",31.25,31.77
766,"Tell el-Barashyeh, Tell el-Berachia",27.025,31.425
767,"El-Shauazliya , Arab el-Zorq",27.02,31.426667
768,"Minshat Kom el-Ahmar",27.023333,31.403333
769,"Kom Basnaw",31.25,31.75
770,"Tell el-Arab",31.052,31.074
771,"Nemret el-Basal",26.938333,31.326667
772,"Kom Asfahit",30.966,30.771
773,"Sa el-Hagar",30.965,31.238
774,"Samannud, Samannoud, Samannud, Samanud",27.5,30.725
775,"Awaga, Aouaga, Awagah",31.028,31.288
776,"Bihbit el-Hagar, Bahbeit el-Hegera, Bahbit el-Higara, Behbeit el-Hagar, Behbeit el-Higara, Behbet el-Hagar, Behbet el-Hagar, Behbit el-Hagar",30.915,31.243
777,"Abusir Bana, Abu-Sir Bana, Abou-Sir Bana, Abousir Banna, Abousir-Bana, Abu-Sir Bana",30.976,30.93
778,"Abu-Yazeid",30.6102777777778,31.0222222222222
779,"Ezbet el-Kawadi",27.328831,30.822119
780,"Arab el-Tataliya",27.171667,31.276667
781,"Bisra, Deir Bisra",27.076667,31.395
782,"El-Nazla el-Mustagidda",27.458333,30.875
783,"Qoseir el-Amarna, Qouseir el-Amarna, Quseir el-Amarna",26.823822,31.535388
784,"Qaw el-Nawawah, Qau el-Kebir",27.333333,31.108333
785,"Deir el-Gabrawi, Deir el-Gebrawi, Deir el-Gabraoui",27.296667,31.14
786,"Deir Shu",27.143333,31.238333
787,"Shatb",27.096667,31.378333
788,"El-Khawalid",27.108333,31.338333
789,"El-Matmar",27.411287,30.728797
790,"Meir",27.05,31.417
791,"Deir Tasa",27.07789,31.191819
792,"Deir Rifeh, Deir Riffa, Deir el-Rifeh, Der Rifa",27.325926,30.839135
793,"Kom Dara, Dara",27.493333,30.875
794,"Deir el-Quseir, Dayr al-Qusayr, Deir el-Kosseir, Deir el-Qoseir",27.361667,31.021667
795,"El-Maabda, El-Maabde, Maabda",27.27,31.24
796,"Arab Mateir, Arab el Burg, El-Atawla",26.938333,31.495
797,"El-Hamamija, El-Hamamiyah,  El-Hemamiah, Hemamije",27.333333,31.078333
798,"Arab El-Attiat, Arab el Atiyat el Bahariya",27.158598,31.173141
799,"Rock-cut Tombs on the West Bank of Asyut",25.8333333333333,33.3333333333333
800,"Qasr el-Banat (Wadi Hammamat)",26.2,34.283
801,"Al-Qusayr al-Qadim, El-Qoseir el-Qadim, Qoseir el-Qadim, Qosseir el-Qadim, Quseir al-Qadim",31.4083333333333,27.025
802,"Zawiyet Umm el-Rakham, Zawiyet el-Rakham, Zawyet Oum el-Rakham, Zawyet Oum el-Rakham, Zawyet el-Rakham",29.2,25.5333333333333
803,"Aghourmi, Aghurmi, Aguermi, El-Aghurmi",25.5833333333333,33.5833333333333
804,"Bir Menih, Bir Minih",25.9878333333333,33.5666666666667
805,"Wadi Hamamat, Wadi el-Hammamat , Ouadi Hammamat",25.0,33.3833333333333
806,"Barramiya, Ouadi Barramiyyah, Ouadi el-Barramiya, Wadi Barramije",25.0095,33.3138333333333
807,"Wadi Abbad",26.1666666666667,33.25
808,"Wadi Atallah, Wadi Atollah",23.9103333333333,35.4736666666667
809,"Berenice,Baranis, Berenike",26.0333333333333,33.6333333333333
810,"Wadi el-Fawakhir, Wadi Fawakhir",25.0043333333333,33.309
811,"Kanayis, Kanais,Temple of Wadi Miah",26.5833333333333,34.0333333333333
812,"Ouadi Gaouasis, Ouadi Gawasis, Ouadi el-Gausis,Wadi Gawasis, Wadi Gwasis, Gasus Karte, Mersa  Gwasis",25.35,33.65
813,"Wadi Umm  Awad",24.1,32.9333333333333
814,"Wadi Abu-Agag",29.0333333333333,33.4166666666667
815,"Wadi Kharit",24.6166666666667,33.45
816,"Wadi Beiza, Bir Bayza",26.5166666666667,33.85
817,"Ouadi Sikait, Wadi Sikait, Wadi Siket",25.5636666666667,33.6366666666667
818,"Wadi Menih (South)",25.481,33.5458333333333
819,"Wadib Abu-Wasil south",25.4465,33.706
820,"Bir el-Shalul",23.7333,35.35
821,"Hitan Shenshef, Shenshef",31.425,26.9916666666667
822,"Abulahaw",31.35,27.2333333333333
823,"Bir Abu Sakran",29.2333333333333,25.4166666666667
824,"Khamisa",29.2166666666667,25.5333333333333
825,"Gebel el-Mawta, Djebel al-Mawta, Gebel el-Maouta, Gebel el-Mota, Mountain of the dead”, Jabal al-Mawta; Gebel al-Musabbarin; Qaret al-Missabbarin; Karet el-Messabbareen",29.1833333333333,25.55
826,"Umm el-Ebeida, Umm Ibida, Oum Oubeida, Umm Ubayda",30.88,31.75
827,"Tell el-Aswad, Tell el-Eswed, Tel el-Iswid, Tell Abassieh",30.68,31.64
828,"Tukh El-Qaramus, Tuch el-Qaramus",30.73,31.61
829,"Horbeit, Hurbeit",30.3299999872843,25.6900000254313
830,"Bilad el-Rum",30.38,31.51
831,"Tell Yahoud, Gheyta, Tell Yahoudyeh, Tell el-Yahoudiah, Tell el-Yahudia",30.56,31.5
832,"Tell Basta, Bubastis",30.79,31.82
833,"Tell el-Daba , Tell el-Dabeh, Tell-Daba",30.74,31.57
834,"Tell el-Habashi",30.8166666666667,29.0416666666667
835,"Marina el-Alamîn",31.3583333333333,27.2666666666667
836,"El-Maleha el-Sharqiyeh",29.2,25.75
837,"Abu Shuruf",30.2600000063578,26.05
838,"Abu el-Awaf",28.9166666666667,26.4333333333333
839,"Wahet el-Arag, El-Arag Oasis",28.6666666666667,26.5
840,"Wahet el-Bahrin, El-Bahrin Oasis",30.2399999936422,26.0299999992053
841,"El-Zeitun, El-Zaytun",30.3399999936422,25.6
842,"El-Hagg Ali w-Bahii el-Din",30.7916666666667,28.9333333333333
843,"El-Qasaba el-Gharbyeh",30.875,28.8666666666667
844,"El-Ish",31.35,27.275
845,"Heqefeh Kareem, Hakfet Abdel-Razek Krim",31.375,27.1666666666667
846,"Cleopatra Bath",31.3833333333333,27.0833333333333
847,"El-Mattarieh",31.15,27.8833333333333
848,"Ras el-Hekmeh (I)",30.3299999872843,25.6400000254313
849,"El-Maraqii",31.0666666666667,28.3833333333333
850,"Gemiemeh",31.05,28.0833333333333
851,"Hesenbik",30.8666666666667,29.325
852,"El-Bawerdan, El-Bourdan, Burdan, El-Burdan",31.3416666666667,27.2666666666667
853,"Bir Harareh",30.65,31.73
854,"El-Tawileh, Gezira el-Tawila",30.84,31.66
855,"Tell el-Qanadila",30.71,31.63
856,"Abu Yasin, Abu Yassin, Abou Yasin, Tell Abou Yassin",30.55,31.61
857,"Saft el-Hinneh, Saft el-Henna, Saft el-Henneh , Saft El- Hinna",30.57,31.67
858,"Ruq Salem",30.74,31.88
859,"Akyad, Tell Daraka",30.83,31.87
860,"Tell Hatita",30.9,31.95
861,"Tell Bishara",30.86,32.06
862,"Tell el-Mashakhseh, Zeraeh 2 Bahr el Baqar",30.85,31.83
863,"Tell Ibrahim Awad, Umm Agram, Omm Agram",30.8,31.63
864,"Natura",30.86,31.91
865,"Tell Farawn, Tell Nabasheh,  Tell Nabacha, Tell Nebecheh, Tell Nebesscha",30.76,31.6
866,"Kufur Nigm, Koufour Nigm, Kufur el-Nigm, Tell el-Fagai",30.85,31.73
867,"Tell el-Akhdar, El-Tell el-Akhdar",30.81,31.71
868,"Tell el-Sura",30.9,32.04
869,"Minshyat Abu Omar, Minchat Abu Omar, Minshat Abou Omar, Minschat Abou Omar, Minschat Abu Omar, Minschat Habou Omar, Tell Mahgar",31.2,27.4666666666667
870,"El-Qasaba el-Sharqiyeh",30.97,31.85
871,"Tell Abu Arida",30.98,31.89
872,"Tell Gumeha",30.99,32.02
873,"Tell Fadil",30.97,31.88
874,"San el-Hagar, Tanis, Tell Tennis, Kom Tennis",30.9,32.01
875,"Tell Tamlîkh",30.8,31.84
876,"Qantir",30.96,32.16
877,"Tell Blim, Tell Belim",30.43,31.54
878,"El-Shaghambeh, El-Shaghamba, Esch-Schagamba, Shagamba",31.02,31.97
879,"Tell Dibqu",30.86,31.7
880,"Tell Abu Omran , Geziret Abu Omran",30.95,32.05
881,"Tell el-Ruhban",30.95,32.1
882,"Tell el-Suida",30.68,31.74
883,"Tell el-Maghud, Farachah,Faracha",30.53,31.61
884,"El-Suwa, Gezirat Suwa, Geziret el-Suwa, Geziret Suwa",30.7,31.74
885,"Tell Shalilow,  Tell Riyad, Tell Shalaliu, Tell Gindiya, Tell Gandeyya",30.35,31.4
886,"Tell Awlad Daoud , El -Ghifariya",30.82,31.72
887,"Tell el-Mashaleh, Tell el-Sanyura",30.51,31.78
888,"Tell el-Chouqafeya, Tell esh-Shugafiya, Tell esh-Shiqafiya.",30.82,31.95
889,"El-Tell el-Ahmar (I)",30.98,32.13
890,"Tell el-Medaiyan, Tell el-Madaïn",30.91,32.05
891,"Tell el-Ginn, Tell el-Djinn, Tell el–Gin",30.87,32.02
892,"Tell Azinein, Tell Aznim",31.01,31.76
893,"Qassasin el-Azhar , Tell Abu Tahun, Kom Abu Tahun",30.97,32.01
894,"Tell Sanhur",30.93,31.89
895,"Tell Zuwelein,  (Sueilin)",30.9,31.88
896,"Tell Gamigameh, Tell Gumaiyima, Gumaiyma",30.86,31.7
897,"Tell Abu Amer",30.77,31.62
898,"Tell Umm Agila",30.82,31.74
899,"Qaraga, Kom el-Ahmar",30.88,31.78
900,"Tell el-Mura, Kom el-Mura, Tell Murrah, Tell Marra, Kom el-Marra",30.83,31.65
901,"Tell Gindiya (Shillu), Tell Gandija",29.35,25.1833333333333
902,"Gereibet",30.2399999936422,26.0400000015895
903,"Salam",30.93,31.8
904,"Tell el-Qanan",30.88,31.81
905,"Tell el-Shuwan, Tell el-Showan, Athar es-shun",31.4833333333333,26.6666666666667
906,"El-Zaghrat",31.6,25.925
907,"Sidi Baranii",30.3,25.9599999745687
908,"Qereishat",30.3299999872843,25.6799999872843
909,"Dahybeh",30.3,25.65
910,"Temasirin",29.2,25.6166666666667
911,"Gebel al-Dakrur",30.82,31.8
912,"Geziret el-Sanit, Geziret Sineita",30.55,31.46
913,"El-Zankalun, Tell Gomeh",30.57,31.51
914,"Pepi Temple Surrounding Area",30.85,31.77
915,"Tell el-Abasiya, Tell el-Iswid South",30.83,31.77
916,"Geziret el-Nawafia",30.85,32.01
917,"Tell Abu Akim, Zeraeh 8 Bahr el - Bagar",30.52,31.61
918,"El-Suwa asoc. Abu el-Nour",30.54,31.61
919,"El-Suwa es-Suwwa, Souwa, Suwa asoc. El-Sheikh Zakri",30.79,31.81
920,"Ezbet Hilmi,Tell Hilmi, Tell el-Qirqafa",30.85,31.8
921,"Abu Sharaf, or Tell Hataba, (now Tell Umm Agram/ Omm Agram",30.93,31.99
922,"Tell Sami",30.89,32.09
923,"Tell Umm Hagar, Zeraeh 3 Bahr el-Baqar",30.96,32.1
924,"El-Fraena",30.99,31.95
925,"Tell el-Masudiya",30.3200000127157,25.6299999872843
926,"Tenkemamou & Ain Rahemeh",31.1333333333333,27.6916666666667
927,"Attnoh",31.2083333333333,27.5166666666667
928,"Abu Merqiq",31.3333333333333,27.3166666666667
929,"El-Hashimah",31.3416666666667,27.325
930,"Karm Okasheh",31.125,27.8333333333333
931,"Ras el-Hekmeh (II)",30.2399999936422,26.0299999992053
932,"Ptolemaic Shrine, Ezbet el-Sanusi",30.2700000127157,26.0
933,"Qasr Manial",30.825,29.1916666666667
934,"Bank el-Ahly District",30.8805555555556,29.0855555555556
935,"El-Alamein, Al-Alamayn, Alamein",30.97,31.83
936,"Tell Raghib",30.82,31.73
937,"Tell Gabbara",30.76,31.71
938,"El-Qalaa, El-Qalleh",30.88,31.72
939,"Tell Rack, Tell el-Raq",30.44,31.36
940,"El-Sadein, Kafer es-Saadiya",30.53,31.29
941,"Abu Sandur",30.47,31.44
942,"El-Birkawy",30.86,31.65
943,"El-Ain, Tell Om Sir, Tell Umm Zayat, Tell Omm el-Zaiyat",30.93,31.72
944,"Tell Abu Husha , Tell Abu Howsheh, Tell Abu Husa",30.75,31.63
945,"Kafr el-Nasiri, Tell el-Hagga",30.66,31.68
946,"El-Aghnamiya",30.69,31.73
947,"El-Shuhada",30.62,31.64
948,"El-Alaqma",30.7,31.53
949,"El-Kilalbeh",30.67,31.5
950,"El-Mahmudiya",30.78,31.46
951,"Birmkeim, Baramkin, Mantiqat Birmakin, Birmkeim ,Tell Yûsef",30.62,31.95
952,"El-Tell el-Ahmar (II), Nuss el-Kebeir",30.95,31.69
953,"Qassasin el-Azhar, Tell el-Dar el-Hamra",30.96,31.82
954,"Qassasin el-Azhar, Tell Umm el-Lahm",25.25,30.567
955,"Qasr Zaiyan, Qasr el-Zayyan, Qasr Ain el-Zaijan,",31.29,31.12
956,"Tell Nimra",31.23,30.86
957,"El-Dab,Teida",31.1,30.96
958,"Tell Sakha, Sacha, Sakha",31.3,31.11
959,"Tell el-Zeleh",31.26,30.65
960,"Tell el-Qasabi",31.2,30.75
961,"Tell el-Farain",25.7147222222222,29.4883333333333
962,"Qila al-Dabba, Qila el-Dabbeh, Qilaa el-Dabba, Quila al-Dabba",25.5391666666667,29.2797222222222
963,"Asmant el-Kharab, El-Smant el-Kharab, Ismant el-Gharab, Sment el-Kharab",25.6672222222222,29.5727777777778
964,"Darb el-Ghubarî",27.2586111111111,28.0416666666667
965,"Ain Gallow",25.7425,29.4883333333333
966,"Ayn Asil, Ayn Assel, Ayn Assil",25.6869444444444,29.4883333333333
967,"Bashendi, Ezbet Bachandi, Ezbet Bachendy, Ezbet Baschandi, Ezbet Bashendi",27.0333333333333,28.9333333333333
968,"Ain Ibsai",27.0836111111111,28.1288888888889
969,"Qasr el-Farafra, Qasr Farafra",27.5375,27.6416666666667
970,"Ain Dalla, Ain Della, Ayn Dalla",27.3666666666667,28.2166666666667
971,"Ain el-Wadi, Ain el-Wadi",25.8283333333333,30.8752777777778
972,"El-Deir (II), Ed-Deir",25.7341666666667,30.6313888888889
973,"El-Bagawat, Al-Bagawat, Al-Qabwat, Bagawat, El-Bagaouat, El-Baqawat",25.5333333333333,30.55
974,"Gebel el-Teir (II), Gebel Teir, Gebel el-Tayr",31.15,30.83
975,"Tell Sandla",25.7341666666667,30.6313888888889
976,"Hibis, El-Hiba, El-Hibe, El-Hibeh, Temple of Hibis",31.58,31.13
977,"El-Shahabiya",31.53,30.81
978,"Tell el-Maqlubah",31.21,31.03
979,"El-Kom el-Ahmar (III)",31.22,31.27
980,"Tell el-Dabaa, El-Garaydah",31.56,31.08
981,"Tell el-Ghawit , El Kom el - Ahmar",31.26,30.92
982,"Tell el-Dabaa",31.36,30.93
983,"Tell el-Khenzieri",31.55,31.04
984,"Tell el-Hara",31.13,31.15
985,"Tell el-Alamiya,Tell el-Gamus",31.52,30.95
986,"Tell Sangar",31.34,30.72
987,"Tell Alwi, Kom Ezbet el-Farr",31.55,31.03
988,"Tell el-Dawafir",31.15,30.91
989,"Dababa",31.58,30.98
990,"Tell Suq el-Gumeh",31.57,31.02
991,"Tell el-Adul",25.8138888888889,29.3983333333333
992,"Balat",25.8997222222222,28.9205555555556
993,"Qaret el-Mouzawwaqa, Karet el-Muzawwakeh, Qaret el-Mouzaouaqa, Qaret el-Muzawwaqeh",31.28,30.9
994,"Tell Aniezi",24.8283333333333,30.9230555555556
995,"Qasr Dush, Kasr Doche, Kasr Douch, Kasr Dush,  Qasr Dusch",25.283,30.55
996,"Qasr el-Ghueiteh, Qasr el-Ghueita, Qasr el-Ghueida, Qasr el-Ghoueita, Qasr el-Ghueda, Qasr el-Ghweita",25.9077777777778,29.0083333333333
997,"Deir el-Hagar, Deir el-Haggar",25.6736111111111,29.1880555555556
998,"Mut el-Kharab, Mout el-Gharab, Mut el-Gharab",25.7005555555556,29.0061111111111
999,"Amhada, Amheida",31.3,30.81
1000,"Tell el-Mesk",31.33,30.9
1001,"Tell el-Garad",31.5,30.73
1002,"Kom el-Meqassabeh",31.33,30.85
1003,"Kom el-Kharabah",31.31,30.81
1004,"Tell el-Bunduq",31.36,30.84
1005,"Tell el-Nashawien",31.36,30.81
1006,"El-Kom el-Ahmar , El Ain",22.4833333,30.3166667
1007,"Bir Nakhlai",31.43,30.8
1008,"Geziret el-Dakhlah",31.38,30.83
1009,"Tell el-Khebiez",22.5161111111111,30.7394444444444
1010,"Nabta",25.65,30.0
1011,"Ain Amur, Ayn Amour, Ayn Amur",31.23,31.01
1012,"Farsh el-Ganaien",25.7,28.883
1013,"El-Qasr, Al-Qasr",25.4666666666667,30.5666666666667
1014,"Kom el-Nadura",31.48,30.68
1015,"Mastarueh",31.28,30.71
1016,"Kom Qalieeh, Abasi",31.37,30.77
1017,"El-Mita el-Bahari",31.31,30.73
1018,"Kom el-Arab",31.3,30.88
1019,"Tell Khawalid",31.26,30.83
1020,"Tell Sidi Salem",31.36,30.78
1021,"El-Feqeeh",31.33,30.75
1022,"Kom el-Dahab (1)",31.2,30.75
1023,"Kom el-Dahab (II)",31.46,31.06
1024,"Tell Kafri Abu Helal",31.4,31.06
1025,"Tell el-Nesf",31.58,31.11
1026,"Tell el-Ashar",31.49,31.22
1027,"Tell Landhur",31.28,30.76
1028,"Tell el-Sheikh Ibrahim, Kom Sheikh Ibrahim",31.35,30.74
1029,"Atalet el - shinawii",31.33,30.8
1030,"El-Hadahi",31.31,30.66
1031,"El-Atala el-Khadra",31.29,30.56
1032,"Kom el-Ahmar, Kom Mattubas",31.46,30.56
1033,"Mashal",31.23,30.6
1034,"Qebritt",31.25,30.76
1035,"El-Daba, Shabah",31.23,31.22
1036,"Tell el-Tebni",31.23,30.66
1037,"Tell el-Matyur",31.23,30.78
1038,"Tell el-Gier",31.23,31.25
1039,"Kom Negleh",31.26,31.18
1040,"Tell el-Milah",31.3,31.16
1041,"Tell Sefier",31.25,30.71
1042,"Tell Abu Ismaill, Kom Abu Ismail",31.41,31.06
1043,"Tell el-Masara, Masarreh",30.8916666666667,30.5950000127157
1044,"Kom Gaif, El-Gieif, Naukratis, Permerit, Kom Gajef",30.8,30.6083333333333
1045,"Kom el-Hasin, Kom el-Husan",30.91667,30.425
1046,"Tell Umm el-Laban",31.3,31.06
1047,"Tell Siyaq",31.3,31.1
1048,"Tell el-Tashwien",31.29,31.06
1049,"Tell el-Garîf",31.34,31.1
1050,"Tell Mansur el-Kebir",31.33,31.08
1051,"Tell Mansur el-Saghir",30.875,30.35833
1052,"Tell el-Abaqaien, Tell el-Abqin, Tell el-Abqaien",30.925,30.45
1053,"El-Kom el-Ahmar, Kom el-Ahmar",31.0583333333333,30.2083333333333
1054,"Kom el-Ahad",30.9549999872843,30.403333346049
1055,"Kom el-Aranib, Kom-Irani, Araneb, Kom el-Araneb",30.8666666666667,30.4833333333333
1056,"Kom Firin, Kom Ferien, Afrin",30.92833,30.375
1057,"Tell El-Barnugi el-Qibli",31.23,30.62
1058,"Tell el-Amyeh",31.43,30.82
1059,"El-Kom el-Akhdar",31.4,31.0
1060,"Tell el-Tîn",31.169,31.163
1061,"Kom Ibshan",31.12167,30.30833
1062,"Kom Ganadi , Ganadi",31.13881,30.53914
1063,"Desie Kanayes",31.04167,30.23333
1064,"Kom Sharan, Sharn",31.14167,30.18333
1065,"Tell Sharif Khalaf, Tell Shirif Khalaf",31.11808,30.31342
1066,"Kom Saieda , Saieda",31.24667,30.44
1067,"Saidi Aqaba",31.045,30.09
1068,"Sidi Ghazii",31.10333,30.28
1069,"Sidi Yusef, sadii josef",31.08667,30.15833
1070,"Abdow Pasha",31.0433333317439,30.1883333365122
1071,"Kadwet el-Banat, Kidwet el-Banat, Kadweh el-Banat",31.14167,30.345
1072,"Abwereh, Abbuda",30.8883333206177,30.3416666666667
1073,"Kom el-Baqer, Kom el-Baqar",31.0866666634878,30.0166666666667
1074,"Kom el-Hagg, Kom el-Hag",31.1416666666667,30.1916666666667
1075,"Kom el-Giza, Gizeh, Schedia, Chaireou",30.9633333206177,30.1583333333333
1076,"Kom Teruga, Turuga, Kom Terwga",30.94167,30.475
1077,"Kom Abu-Homar, Kom Abu el-Humar el-Kebir",30.8616666793823,30.4916666666667
1078,"Kadweh el-Zahab, Kom Dahab, Kadweh el-Dahab",30.8166666666667,30.4950000127157
1079,"Kom el-Barod, Kom Barud",30.8833333333333,30.521666653951
1080,"Kom Qarttas, Kom Kortas",30.88667,30.37167
1081,"Kom el-Khatmi, Kom el-Khatimi, Tell  Khatmii",30.3166666666667,30.4166666666667
1082,"Qaret el-Dahr, Qasr el-Dahr",31.0949999968211,30.4833333333333
1083,"Kom Deibi, Kom el-Diebeh",31.0050000001987,30.3100000063578
1084,"Kom Rizq, Kom Rezeq",30.825,30.52
1085,"Kom Delingeh, Kom Dlingat, Kom Saggari, Zalikheh",31.2266666730245,30.1533333301544
1086,"Kom el-Dahab, Kom el-Dahab (iii), Kom el-Tarfaya",30.88004,30.45333
1087,"El-Kom el-Ahmer (iv)",31.1416666666667,30.2
1088,"Kom El-Hamam",30.9583333333333,30.1583333333333
1089,"Kom el-Dahab",31.3200000127157,30.5149999936422
1090,"Kom Diebii, Kom Deibi",31.0433333317439,30.2100000063578
1091,"Kom el-Abaid, Kom el-Abed",31.0416666666667,30.275
1092,"Kom el-Qanater, Telmasa el-Kobra",30.275,30.95
1093,"Kom Bakrag, Kom Bekreg",31.175,30.5166666666667
1094,"Kom Galbat, Kam Galbat",30.9766666412354,30.353333346049
1095,"Kom el-Alwanii, Kom el-Alwani",30.91553,29.95257
1096,"Ezbet el-Safih, Ezbet es-Safih",30.975,30.12167
1097,"Kom Fargala, Farqeleh",30.9333333333333,30.275
1098,"Kom Abu Hariez, Kom Abu Hireiz",31.2199999968211,30.4233333269755
1099,"Kom el-Ghoraf, Kom el-Ghuraf",31.075,30.1600000063578
1100,"Kom el-Qadi, Kom el-Qadii",30.8233333587647,30.4916666666667
1101,"Kom Qamheh",31.0966666698456,29.975
1102,"Kom el-Mahar",30.9833333333333,30.4083333333333
1103,"Kom el-Nawam",31.175,30.45
1104,"Kom el-Wastt, Kom Nuss el-Saghir",30.95,30.2449999968211
1105,"Kom el-Tibn, Kom el-Tabin",30.821666653951,30.4366666793823
1106,"Kom el-Gebel",31.1449999968211,31.3583333333333
1107,"Kom Hassan (I)",31.00333,30.225
1108,"Kom Hassan (II),  Kidwet el-Samn",31.1666666666667,30.1416666666667
1109,"Kom Difshu, Kom Defshow",30.8833333333333,30.2050000031789
1110,"Kom Sawan, El-Sauwan",31.0299999992053,30.6049999872843
1111,"Kom Laqaneh, Luqin, Tell Luqin",31.1933333396912,30.3333333333333
1112,"Kom Azizah, Kom Azizeh",31.026666667064,30.3833333333333
1113,"Kom Damies el-Sharqi, Kiman Damies el-Sharqi",31.02894,30.36585
1114,"Kiman Damies el-Gharbi, Kom Damies el-Gharbi",31.1083333333333,30.3416666666667
1115,"Kom Awad, Kom Awed",31.1833333333333,30.1666666666667
1116,"Kom Mazen, Kom Mazin",31.1666666666667,30.3600000063578
1117,"Hashem, Hashiem",31.0416666666667,30.1116666634878
1118,"Kom Nagi, Kom Nagii",30.85667,30.425
1119,"Abu el-Tubul, Kom el-Tubul",30.90833,30.16667
1120,"Batt el-Kom",30.95,30.20833
1121,"El-Ramdanya, Rumadniya",30.90833,30.17167
1122,"Tell Abu el-Gudur, Tell Abu el-Gadawer",30.94247,30.23809
1123,"Tell Abu Afritih el-Saghir, Tell Abu Afrieteh El Saghier",30.94227,30.24167
1124,"Tell Abu Afritah el-Kebir, Tell Abu Afrieteh El Kebier",30.92833,30.10833
1125,"Tell Abu Naameh, Tell Abu Naama",30.99167,30.025
1126,"Kom el-Gill, Tell el-Gill, Tell el-Gel",30.96667,30.075
1127,"Tell el-Saaiedeh",30.90179,30.25
1128,"Tell el-Qarnien",30.975,30.04167
1129,"Tell el-Maqabura, Tell el-Maqboura, Kom el-Qubur, Tell el-Maqabowereh",30.9450000127157,30.0833333333333
1130,"Kom Abu el-Ida, Kom Abu el-Eda",31.0549999992053,30.1833333333333
1131,"Kom el-Nasr, Kom el-Baqara, Kom el-Baqareh",31.01718,30.33978
1132,"Abu Khalifeh, Abu Khalifa",30.98,30.35
1133,"Abu Agura, Abu Agowreh, Aggur",30.9833333333333,30.05
1134,"Kom el-Henesh, Farag, Kom el-Farag",30.778333346049,30.5833333333333
1135,"Kom el-Haeh",30.8366666793823,30.475
1136,"Kom el-Rekawyeh",30.8299999872843,30.4166666666667
1137,"Kom el-Zalat, Kom el-Zaltt",30.9450000127157,30.175
1138,"Kom el-Saqyeh, Kom el-Saqya",30.8333333333333,30.45
1139,"Kom el-Sheikh Said Ahmed",30.8666666666667,30.4166666666667
1140,"Kom el-Shimuli, Shamalii, Kom el-Shamuli",30.956666692098,30.1566666603088
1141,"Kom el-Sabiya, Kom el-Sebyeh",30.828333346049,30.4183333396912
1142,"Kom el-Ashrin, Kom el-Ashrien",30.8883333206177,30.45
1143,"Kom el-Ghuzz, Kom el-Ghez",30.9900000254313,30.1666666666667
1144,"Kom el-Qadah, Kom el-Qadeh",30.871666653951,30.1916666666667
1145,"Kom Sadan",31.09477,30.3076
1146,"Abu Esmaiiel, Abu Ismail",30.9916666666667,30.1416666666667
1147,"Kom el-Madbuh, Kom el-Madboh",30.906666692098,30.225
1148,"Kom el-Nagalii,Kom el-Nigili, Aulad el-Sheikh, Awlad el-Sheikh",30.99167,30.43333
1149,"El-Shokah, El-Showkeh",31.08921,30.20118
1150,"El-Qarya, Qaryah, El-Qaryeh",30.9416666666667,30.2166666666667
1151,"Kom Radwan & Kadweh Radwan",31.025,30.30333
1152,"Abu Attia, Abu Attyeh",30.8916666666667,30.6
1153,"El-NibarIia, El-Nibeira",31.08667,30.20667
1154,"El-Nefwa, El-Nefweh",30.8833333333333,30.6083333333333
1155,"El-Naqrash",31.095,30.39167
1156,"Kom el-Akhar, El-Ahkar",31.00681,30.1979
1157,"El-Bus, El-Boos",31.05833,30.36333
1158,"El-Kom el-Ahmer(III), Kom el-Ahmar (iii), Kom el-Zawya",31.20833,30.44
1159,"Kom el-Medina, El-Madieneh",31.10833,30.37833
1160,"El-Geradat",31.10833,30.36667
1161,"Kom el-Saba(ii), El-Sabeh (II)",31.19667,30.30333
1162,"El-Debaa el-Bahari, El-Deba el-Bahari",30.9627,30.24177
1163,"Kom el-Khirba, Tell el-Kherbah",31.08333,30.14167
1164,"Tell el-Khanfes,  Kom el-Khunfis",31.19167,30.30333
1165,"El-Debaa el-Qebli, El-Deba el-Qibli",31.09167,30.36
1166,"El-Qarawii",31.165,30.44833
1167,"Kom el-Ahmer (ii), Nuss el-Kebir",31.01549,30.154
1168,"Kom el-Magayir (ii), Tell el-Magaier (ii)",31.145,30.36167
1169,"El-Nakhla, El-Nakhleh",31.12667,30.35833
1170,"Kom Besentawi, Bisintawi, Besentawaii",31.06333,30.23333
1171,"Tell Sheikh Soleyman",31.08667,30.13333
1172,"Tell Gawala, Ghasuli, Tell el-Gaswleh",30.93833,30.375
1173,"Tell el-Barnugi Bahari, Tell el-Barnugi el-Bahari",31.19,30.205
1174,"Tell el-Kanayis, Tell el-Kanaies",30.433,30.833
1175,"Kom Abu Billo, Kom Abu Billu, Tarraneh",30.87113,30.44205
1176,"Kom Hamrit",30.92333,30.23833
1177,"Kom Dawoud, Tell el-Waq",30.98333,30.25833
1178,"Kom Khalish, Kom Khalig, Kom Khaleesh",28.067,33.1
1179,"Gebel el-Zeit, Gebel Zeit",27.930558,33.512222
